username,action,time
admin,Login,2026-06-02 21:01:29.587620
admin,Logout,2026-06-02 21:01:58.470055
noor,Login,2026-06-02 21:02:08.876838
noor,Logout,2026-06-02 21:05:45.370516
admin,Login,2026-06-02 21:05:53.851255
admin,Login,2026-06-02 21:10:47.881013
admin,Login,2026-06-02 21:22:47.343095
admin,Login,2026-06-02 21:29:32.971291
admin,Login,2026-06-03 22:54:19.827603
admin,Login,2026-06-03 23:34:19.765099
,Logout,2026-06-03 23:34:56.515109
noor,Login,2026-06-03 23:35:10.181448
,Logout,2026-06-03 23:35:19.787250
admin,Login,2026-06-04 20:13:45.411471
